model_name,model_type,metric,value
logistic_regression_classifier,classifier,accuracy,0.65
random_forest_classifier,classifier,accuracy,0.6473684210526316
xgboost_classifier,classifier,accuracy,0.5921052631578947
support_vector_classifier,classifier,accuracy,0.6421052631578947
linear_regressor_home,regressor_home,mse,1.4286339538557333
linear_regressor_home,regressor_home,mae,0.9277337752221
linear_regressor_away,regressor_away,mse,1.072277051048297
linear_regressor_away,regressor_away,mae,0.7739698368991603
random_forest_regressor_home,regressor_home,mse,1.6355684366241046
random_forest_regressor_home,regressor_home,mae,0.9689068825910933
random_forest_regressor_away,regressor_away,mse,1.3717740295096112
random_forest_regressor_away,regressor_away,mae,0.8644391408114557
xgboost_regressor_home,regressor_home,mse,1.766037422640401
xgboost_regressor_home,regressor_home,mae,1.0286269635354217
xgboost_regressor_away,regressor_away,mse,1.3241235439821875
xgboost_regressor_away,regressor_away,mae,0.8742824413930066
support_vector_regressor_home,regressor_home,mse,1.4457594373160367
support_vector_regressor_home,regressor_home,mae,0.9249351909967306
support_vector_regressor_away,regressor_away,mse,1.0750211365898366
support_vector_regressor_away,regressor_away,mae,0.7637483862604262
