{"filters": {"season": "2024"}, "area": {"id": 2072, "name": "England", "code": "ENG", "flag": "https://crests.football-data.org/770.svg"}, "competition": {"id": 2021, "name": "Premier League", "code": "PL", "type": "LEAGUE", "emblem": "https://crests.football-data.org/PL.png"}, "season": {"id": 2287, "startDate": "2024-08-16", "endDate": "2025-05-25", "currentMatchday": 38, "winner": null}, "standings": [{"stage": "REGULAR_SEASON", "type": "TOTAL", "group": null, "table": [{"position": 1, "team": {"id": 64, "name": "Liverpool FC", "shortName": "Liverpool", "tla": "LIV", "crest": "https://crests.football-data.org/64.png"}, "playedGames": 38, "form": null, "won": 25, "draw": 9, "lost": 4, "points": 84, "goalsFor": 86, "goalsAgainst": 41, "goalDifference": 45}, {"position": 2, "team": {"id": 57, "name": "Arsenal FC", "shortName": "Arsenal", "tla": "ARS", "crest": "https://crests.football-data.org/57.png"}, "playedGames": 38, "form": null, "won": 20, "draw": 14, "lost": 4, "points": 74, "goalsFor": 69, "goalsAgainst": 34, "goalDifference": 35}, {"position": 3, "team": {"id": 65, "name": "Manchester City FC", "shortName": "Man City", "tla": "MCI", "crest": "https://crests.football-data.org/65.png"}, "playedGames": 38, "form": null, "won": 21, "draw": 8, "lost": 9, "points": 71, "goalsFor": 72, "goalsAgainst": 44, "goalDifference": 28}, {"position": 4, "team": {"id": 61, "name": "Chelsea FC", "shortName": "Chelsea", "tla": "CHE", "crest": "https://crests.football-data.org/61.png"}, "playedGames": 38, "form": null, "won": 20, "draw": 9, "lost": 9, "points": 69, "goalsFor": 64, "goalsAgainst": 43, "goalDifference": 21}, {"position": 5, "team": {"id": 67, "name": "Newcastle United FC", "shortName": "Newcastle", "tla": "NEW", "crest": "https://crests.football-data.org/67.png"}, "playedGames": 38, "form": null, "won": 20, "draw": 6, "lost": 12, "points": 66, "goalsFor": 68, "goalsAgainst": 47, "goalDifference": 21}, {"position": 6, "team": {"id": 58, "name": "Aston Villa FC", "shortName": "Aston Villa", "tla": "AVL", "crest": "https://crests.football-data.org/58.png"}, "playedGames": 38, "form": null, "won": 19, "draw": 9, "lost": 10, "points": 66, "goalsFor": 58, "goalsAgainst": 51, "goalDifference": 7}, {"position": 7, "team": {"id": 351, "name": "Nottingham Forest FC", "shortName": "Nottingham", "tla": "NOT", "crest": "https://crests.football-data.org/351.png"}, "playedGames": 38, "form": null, "won": 19, "draw": 8, "lost": 11, "points": 65, "goalsFor": 58, "goalsAgainst": 46, "goalDifference": 12}, {"position": 8, "team": {"id": 397, "name": "Brighton & Hove Albion FC", "shortName": "Brighton Hove", "tla": "BHA", "crest": "https://crests.football-data.org/397.png"}, "playedGames": 38, "form": null, "won": 16, "draw": 13, "lost": 9, "points": 61, "goalsFor": 66, "goalsAgainst": 59, "goalDifference": 7}, {"position": 9, "team": {"id": 1044, "name": "AFC Bournemouth", "shortName": "Bournemouth", "tla": "BOU", "crest": "https://crests.football-data.org/bournemouth.png"}, "playedGames": 38, "form": null, "won": 15, "draw": 11, "lost": 12, "points": 56, "goalsFor": 58, "goalsAgainst": 46, "goalDifference": 12}, {"position": 10, "team": {"id": 402, "name": "Brentford FC", "shortName": "Brentford", "tla": "BRE", "crest": "https://crests.football-data.org/402.png"}, "playedGames": 38, "form": null, "won": 16, "draw": 8, "lost": 14, "points": 56, "goalsFor": 66, "goalsAgainst": 57, "goalDifference": 9}, {"position": 11, "team": {"id": 63, "name": "Fulham FC", "shortName": "Fulham", "tla": "FUL", "crest": "https://crests.football-data.org/63.png"}, "playedGames": 38, "form": null, "won": 15, "draw": 9, "lost": 14, "points": 54, "goalsFor": 54, "goalsAgainst": 54, "goalDifference": 0}, {"position": 12, "team": {"id": 354, "name": "Crystal Palace FC", "shortName": "Crystal Palace", "tla": "CRY", "crest": "https://crests.football-data.org/354.png"}, "playedGames": 38, "form": null, "won": 13, "draw": 14, "lost": 11, "points": 53, "goalsFor": 51, "goalsAgainst": 51, "goalDifference": 0}, {"position": 13, "team": {"id": 62, "name": "Everton FC", "shortName": "Everton", "tla": "EVE", "crest": "https://crests.football-data.org/62.png"}, "playedGames": 38, "form": null, "won": 11, "draw": 15, "lost": 12, "points": 48, "goalsFor": 42, "goalsAgainst": 44, "goalDifference": -2}, {"position": 14, "team": {"id": 563, "name": "West Ham United FC", "shortName": "West Ham", "tla": "WHU", "crest": "https://crests.football-data.org/563.png"}, "playedGames": 38, "form": null, "won": 11, "draw": 10, "lost": 17, "points": 43, "goalsFor": 46, "goalsAgainst": 62, "goalDifference": -16}, {"position": 15, "team": {"id": 66, "name": "Manchester United FC", "shortName": "Man United", "tla": "MUN", "crest": "https://crests.football-data.org/66.png"}, "playedGames": 38, "form": null, "won": 11, "draw": 9, "lost": 18, "points": 42, "goalsFor": 44, "goalsAgainst": 54, "goalDifference": -10}, {"position": 16, "team": {"id": 76, "name": "Wolverhampton Wanderers FC", "shortName": "Wolverhampton", "tla": "WOL", "crest": "https://crests.football-data.org/76.png"}, "playedGames": 38, "form": null, "won": 12, "draw": 6, "lost": 20, "points": 42, "goalsFor": 54, "goalsAgainst": 69, "goalDifference": -15}, {"position": 17, "team": {"id": 73, "name": "Tottenham Hotspur FC", "shortName": "Tottenham", "tla": "TOT", "crest": "https://crests.football-data.org/73.png"}, "playedGames": 38, "form": null, "won": 11, "draw": 5, "lost": 22, "points": 38, "goalsFor": 64, "goalsAgainst": 65, "goalDifference": -1}, {"position": 18, "team": {"id": 338, "name": "Leicester City FC", "shortName": "Leicester City", "tla": "LEI", "crest": "https://crests.football-data.org/338.png"}, "playedGames": 38, "form": null, "won": 6, "draw": 7, "lost": 25, "points": 25, "goalsFor": 33, "goalsAgainst": 80, "goalDifference": -47}, {"position": 19, "team": {"id": 349, "name": "Ipswich Town FC", "shortName": "Ipswich Town", "tla": "IPS", "crest": "https://crests.football-data.org/349.png"}, "playedGames": 38, "form": null, "won": 4, "draw": 10, "lost": 24, "points": 22, "goalsFor": 36, "goalsAgainst": 82, "goalDifference": -46}, {"position": 20, "team": {"id": 340, "name": "Southampton FC", "shortName": "Southampton", "tla": "SOU", "crest": "https://crests.football-data.org/340.png"}, "playedGames": 38, "form": null, "won": 2, "draw": 6, "lost": 30, "points": 12, "goalsFor": 26, "goalsAgainst": 86, "goalDifference": -60}]}]}