{"filters": {"season": "2024", "status": ["SCHEDULED"]}, "resultSet": {"count": 10, "first": "2025-05-25", "last": "2025-05-25", "played": 0}, "competition": {"id": 2021, "name": "Premier League", "code": "PL", "type": "LEAGUE", "emblem": "https://crests.football-data.org/PL.png"}, "matches": [{"area": {"id": 2072, "name": "England", "code": "ENG", "flag": "https://crests.football-data.org/770.svg"}, "competition": {"id": 2021, "name": "Premier League", "code": "PL", "type": "LEAGUE", "emblem": "https://crests.football-data.org/PL.png"}, "season": {"id": 2287, "startDate": "2024-08-16", "endDate": "2025-05-25", "currentMatchday": 37, "winner": null}, "id": 497780, "utcDate": "2025-05-25T15:00:00Z", "status": "TIMED", "matchday": 38, "stage": "REGULAR_SEASON", "group": null, "lastUpdated": "2025-05-21T10:20:16Z", "homeTeam": {"id": 1044, "name": "AFC Bournemouth", "shortName": "Bournemouth", "tla": "BOU", "crest": "https://crests.football-data.org/bournemouth.png"}, "awayTeam": {"id": 338, "name": "Leicester City FC", "shortName": "Leicester City", "tla": "LEI", "crest": "https://crests.football-data.org/338.png"}, "score": {"winner": null, "duration": "REGULAR", "fullTime": {"home": null, "away": null}, "halfTime": {"home": null, "away": null}}, "odds": {"msg": "Activate Odds-Package in User-Panel to retrieve odds."}, "referees": [{"id": 81840, "name": "Lewis Smith", "type": "REFEREE", "nationality": "England"}]}, {"area": {"id": 2072, "name": "England", "code": "ENG", "flag": "https://crests.football-data.org/770.svg"}, "competition": {"id": 2021, "name": "Premier League", "code": "PL", "type": "LEAGUE", "emblem": "https://crests.football-data.org/PL.png"}, "season": {"id": 2287, "startDate": "2024-08-16", "endDate": "2025-05-25", "currentMatchday": 37, "winner": null}, "id": 497781, "utcDate": "2025-05-25T15:00:00Z", "status": "TIMED", "matchday": 38, "stage": "REGULAR_SEASON", "group": null, "lastUpdated": "2025-05-21T10:20:16Z", "homeTeam": {"id": 63, "name": "Fulham FC", "shortName": "Fulham", "tla": "FUL", "crest": "https://crests.football-data.org/63.png"}, "awayTeam": {"id": 65, "name": "Manchester City FC", "shortName": "Man City", "tla": "MCI", "crest": "https://crests.football-data.org/65.png"}, "score": {"winner": null, "duration": "REGULAR", "fullTime": {"home": null, "away": null}, "halfTime": {"home": null, "away": null}}, "odds": {"msg": "Activate Odds-Package in User-Panel to retrieve odds."}, "referees": [{"id": 11423, "name": "Andy Madley", "type": "REFEREE", "nationality": "England"}]}, {"area": {"id": 2072, "name": "England", "code": "ENG", "flag": "https://crests.football-data.org/770.svg"}, "competition": {"id": 2021, "name": "Premier League", "code": "PL", "type": "LEAGUE", "emblem": "https://crests.football-data.org/PL.png"}, "season": {"id": 2287, "startDate": "2024-08-16", "endDate": "2025-05-25", "currentMatchday": 37, "winner": null}, "id": 497782, "utcDate": "2025-05-25T15:00:00Z", "status": "TIMED", "matchday": 38, "stage": "REGULAR_SEASON", "group": null, "lastUpdated": "2025-05-19T01:32:01Z", "homeTeam": {"id": 349, "name": "Ipswich Town FC", "shortName": "Ipswich Town", "tla": "IPS", "crest": "https://crests.football-data.org/349.png"}, "awayTeam": {"id": 563, "name": "West Ham United FC", "shortName": "West Ham", "tla": "WHU", "crest": "https://crests.football-data.org/563.png"}, "score": {"winner": null, "duration": "REGULAR", "fullTime": {"home": null, "away": null}, "halfTime": {"home": null, "away": null}}, "odds": {"msg": "Activate Odds-Package in User-Panel to retrieve odds."}, "referees": [{"id": 11396, "name": "Tim Robinson", "type": "REFEREE", "nationality": "England"}]}, {"area": {"id": 2072, "name": "England", "code": "ENG", "flag": "https://crests.football-data.org/770.svg"}, "competition": {"id": 2021, "name": "Premier League", "code": "PL", "type": "LEAGUE", "emblem": "https://crests.football-data.org/PL.png"}, "season": {"id": 2287, "startDate": "2024-08-16", "endDate": "2025-05-25", "currentMatchday": 37, "winner": null}, "id": 497783, "utcDate": "2025-05-25T15:00:00Z", "status": "TIMED", "matchday": 38, "stage": "REGULAR_SEASON", "group": null, "lastUpdated": "2025-05-19T01:32:01Z", "homeTeam": {"id": 64, "name": "Liverpool FC", "shortName": "Liverpool", "tla": "LIV", "crest": "https://crests.football-data.org/64.png"}, "awayTeam": {"id": 354, "name": "Crystal Palace FC", "shortName": "Crystal Palace", "tla": "CRY", "crest": "https://crests.football-data.org/354.png"}, "score": {"winner": null, "duration": "REGULAR", "fullTime": {"home": null, "away": null}, "halfTime": {"home": null, "away": null}}, "odds": {"msg": "Activate Odds-Package in User-Panel to retrieve odds."}, "referees": [{"id": 11469, "name": "Darren England", "type": "REFEREE", "nationality": "England"}]}, {"area": {"id": 2072, "name": "England", "code": "ENG", "flag": "https://crests.football-data.org/770.svg"}, "competition": {"id": 2021, "name": "Premier League", "code": "PL", "type": "LEAGUE", "emblem": "https://crests.football-data.org/PL.png"}, "season": {"id": 2287, "startDate": "2024-08-16", "endDate": "2025-05-25", "currentMatchday": 37, "winner": null}, "id": 497784, "utcDate": "2025-05-25T15:00:00Z", "status": "TIMED", "matchday": 38, "stage": "REGULAR_SEASON", "group": null, "lastUpdated": "2025-05-21T10:20:16Z", "homeTeam": {"id": 66, "name": "Manchester United FC", "shortName": "Man United", "tla": "MUN", "crest": "https://crests.football-data.org/66.png"}, "awayTeam": {"id": 58, "name": "Aston Villa FC", "shortName": "Aston Villa", "tla": "AVL", "crest": "https://crests.football-data.org/58.png"}, "score": {"winner": null, "duration": "REGULAR", "fullTime": {"home": null, "away": null}, "halfTime": {"home": null, "away": null}}, "odds": {"msg": "Activate Odds-Package in User-Panel to retrieve odds."}, "referees": [{"id": 11620, "name": "Thomas Bramall", "type": "REFEREE", "nationality": "England"}]}, {"area": {"id": 2072, "name": "England", "code": "ENG", "flag": "https://crests.football-data.org/770.svg"}, "competition": {"id": 2021, "name": "Premier League", "code": "PL", "type": "LEAGUE", "emblem": "https://crests.football-data.org/PL.png"}, "season": {"id": 2287, "startDate": "2024-08-16", "endDate": "2025-05-25", "currentMatchday": 37, "winner": null}, "id": 497785, "utcDate": "2025-05-25T15:00:00Z", "status": "TIMED", "matchday": 38, "stage": "REGULAR_SEASON", "group": null, "lastUpdated": "2025-05-21T01:32:00Z", "homeTeam": {"id": 67, "name": "Newcastle United FC", "shortName": "Newcastle", "tla": "NEW", "crest": "https://crests.football-data.org/67.png"}, "awayTeam": {"id": 62, "name": "Everton FC", "shortName": "Everton", "tla": "EVE", "crest": "https://crests.football-data.org/62.png"}, "score": {"winner": null, "duration": "REGULAR", "fullTime": {"home": null, "away": null}, "halfTime": {"home": null, "away": null}}, "odds": {"msg": "Activate Odds-Package in User-Panel to retrieve odds."}, "referees": [{"id": 11378, "name": "Tony Harrington", "type": "REFEREE", "nationality": "England"}]}, {"area": {"id": 2072, "name": "England", "code": "ENG", "flag": "https://crests.football-data.org/770.svg"}, "competition": {"id": 2021, "name": "Premier League", "code": "PL", "type": "LEAGUE", "emblem": "https://crests.football-data.org/PL.png"}, "season": {"id": 2287, "startDate": "2024-08-16", "endDate": "2025-05-25", "currentMatchday": 37, "winner": null}, "id": 497786, "utcDate": "2025-05-25T15:00:00Z", "status": "TIMED", "matchday": 38, "stage": "REGULAR_SEASON", "group": null, "lastUpdated": "2025-05-21T10:20:16Z", "homeTeam": {"id": 351, "name": "Nottingham Forest FC", "shortName": "Nottingham", "tla": "NOT", "crest": "https://crests.football-data.org/351.png"}, "awayTeam": {"id": 61, "name": "Chelsea FC", "shortName": "Chelsea", "tla": "CHE", "crest": "https://crests.football-data.org/61.png"}, "score": {"winner": null, "duration": "REGULAR", "fullTime": {"home": null, "away": null}, "halfTime": {"home": null, "away": null}}, "odds": {"msg": "Activate Odds-Package in User-Panel to retrieve odds."}, "referees": [{"id": 11580, "name": "Anthony Taylor", "type": "REFEREE", "nationality": "England"}]}, {"area": {"id": 2072, "name": "England", "code": "ENG", "flag": "https://crests.football-data.org/770.svg"}, "competition": {"id": 2021, "name": "Premier League", "code": "PL", "type": "LEAGUE", "emblem": "https://crests.football-data.org/PL.png"}, "season": {"id": 2287, "startDate": "2024-08-16", "endDate": "2025-05-25", "currentMatchday": 37, "winner": null}, "id": 497787, "utcDate": "2025-05-25T15:00:00Z", "status": "TIMED", "matchday": 38, "stage": "REGULAR_SEASON", "group": null, "lastUpdated": "2025-05-19T01:32:01Z", "homeTeam": {"id": 340, "name": "Southampton FC", "shortName": "Southampton", "tla": "SOU", "crest": "https://crests.football-data.org/340.png"}, "awayTeam": {"id": 57, "name": "Arsenal FC", "shortName": "Arsenal", "tla": "ARS", "crest": "https://crests.football-data.org/57.png"}, "score": {"winner": null, "duration": "REGULAR", "fullTime": {"home": null, "away": null}, "halfTime": {"home": null, "away": null}}, "odds": {"msg": "Activate Odds-Package in User-Panel to retrieve odds."}, "referees": [{"id": 11317, "name": "Darren Bond", "type": "REFEREE", "nationality": "England"}]}, {"area": {"id": 2072, "name": "England", "code": "ENG", "flag": "https://crests.football-data.org/770.svg"}, "competition": {"id": 2021, "name": "Premier League", "code": "PL", "type": "LEAGUE", "emblem": "https://crests.football-data.org/PL.png"}, "season": {"id": 2287, "startDate": "2024-08-16", "endDate": "2025-05-25", "currentMatchday": 37, "winner": null}, "id": 497788, "utcDate": "2025-05-25T15:00:00Z", "status": "TIMED", "matchday": 38, "stage": "REGULAR_SEASON", "group": null, "lastUpdated": "2025-05-20T01:32:00Z", "homeTeam": {"id": 73, "name": "Tottenham Hotspur FC", "shortName": "Tottenham", "tla": "TOT", "crest": "https://crests.football-data.org/73.png"}, "awayTeam": {"id": 397, "name": "Brighton & Hove Albion FC", "shortName": "Brighton Hove", "tla": "BHA", "crest": "https://crests.football-data.org/397.png"}, "score": {"winner": null, "duration": "REGULAR", "fullTime": {"home": null, "away": null}, "halfTime": {"home": null, "away": null}}, "odds": {"msg": "Activate Odds-Package in User-Panel to retrieve odds."}, "referees": [{"id": 11446, "name": "Robert Jones", "type": "REFEREE", "nationality": "England"}]}, {"area": {"id": 2072, "name": "England", "code": "ENG", "flag": "https://crests.football-data.org/770.svg"}, "competition": {"id": 2021, "name": "Premier League", "code": "PL", "type": "LEAGUE", "emblem": "https://crests.football-data.org/PL.png"}, "season": {"id": 2287, "startDate": "2024-08-16", "endDate": "2025-05-25", "currentMatchday": 37, "winner": null}, "id": 497789, "utcDate": "2025-05-25T15:00:00Z", "status": "TIMED", "matchday": 38, "stage": "REGULAR_SEASON", "group": null, "lastUpdated": "2025-05-21T10:20:16Z", "homeTeam": {"id": 76, "name": "Wolverhampton Wanderers FC", "shortName": "Wolverhampton", "tla": "WOL", "crest": "https://crests.football-data.org/76.png"}, "awayTeam": {"id": 402, "name": "Brentford FC", "shortName": "Brentford", "tla": "BRE", "crest": "https://crests.football-data.org/402.png"}, "score": {"winner": null, "duration": "REGULAR", "fullTime": {"home": null, "away": null}, "halfTime": {"home": null, "away": null}}, "odds": {"msg": "Activate Odds-Package in User-Panel to retrieve odds."}, "referees": [{"id": 11585, "name": "Craig Pawson", "type": "REFEREE", "nationality": "England"}]}]}