Id,Team,Venue
1,Burnley,Turf Moor
2,Arsenal FC,Emirates Stadium
3,Everton FC,Goodison Park
4,Sheffield Utd,Bramall Lane
5,Brighton & Hove Albion FC,The American Express Community Stadium
6,AFC Bournemouth,Vitality Stadium
7,Newcastle United FC,St James' Park
8,Brentford FC,Gtech Community Stadium
9,Chelsea FC,Stamford Bridge
10,Manchester United FC,Old Trafford
11,Nottingham Forest FC,The City Ground
12,Fulham FC,Craven Cottage
13,Liverpool FC,Anfield
14,Wolverhampton Wanderers FC,Molineux Stadium
15,Tottenham Hotspur FC,Tottenham Hotspur Stadium
16,Manchester City FC,Etihad Stadium
17,Aston Villa FC,Villa Park
18,West Ham United FC,London Stadium
19,Crystal Palace FC,Selhurst Park
20,Luton Town,Kenilworth Road Stadium
21,Leeds United,Elland Road
22,Leicester City FC,King Power Stadium
23,Southampton FC,St. Mary's Stadium
24,Watford,Vicarage Road Stadium
25,Norwich City,Carrow Road
26,West Brom,The Hawthorns
27,Ipswich Town FC,Portman Road